Student,Math,Science,English,Average,Grade
Alice,85,89,90,88.0,B
Bob,90,85,88,87.66666666666667,B
Charlie,78,82,79,79.66666666666667,C
David,88,91,87,88.66666666666667,B
Eva,92,88,93,91.0,A
